mmsi,risk_score,is_iuu
412333749,0.9942138408824027,1
412328751,0.9941745289569757,1
412328746,0.9941293556625007,1
412328748,0.9939922330607457,1
412328749,0.99222018135118,1
412333743,0.9921052651086091,1
412356488,0.9904932088330631,1
412365486,0.9894060579928897,1
567000035,0.9887198004613961,1
412008003,0.9847315637594569,1
