mmsi,risk_score,is_iuu
412333743,0.9783724887003472,1
412365486,0.977865196631618,1
412328751,0.976599459798258,1
412356488,0.9755998399149354,1
412328748,0.9751351161974238,1
412008003,0.9743321868494466,1
664246000,0.9708704623894386,1
